{"chunk_definitions":[{"chunk_id":"csetup_chunk","chunk_label":"setup","document_id":"5AD52497","expansion_state":0,"options":{"engine":"r","include":false,"label":"setup"},"row":7,"row_count":1,"visible":true},{"chunk_id":"cdzyfg5feysuu","chunk_label":"unnamed-chunk-1","document_id":"5AD52497","expansion_state":0,"options":{"engine":"r","label":"unnamed-chunk-36"},"row":17,"row_count":1,"visible":true},{"chunk_id":"cig0x3dq32fgr","chunk_label":"unnamed-chunk-2","document_id":"5AD52497","expansion_state":0,"options":{"engine":"r","label":"unnamed-chunk-37"},"row":22,"row_count":1,"visible":true},{"chunk_id":"c6uqkafjtff03","chunk_label":"unnamed-chunk-3","document_id":"5AD52497","expansion_state":0,"options":{"engine":"r","label":"unnamed-chunk-38"},"row":27,"row_count":1,"visible":true},{"chunk_id":"cpxe43h3rnxtf","chunk_label":"unnamed-chunk-4","document_id":"5AD52497","expansion_state":0,"options":{"engine":"r","label":"unnamed-chunk-39"},"row":31,"row_count":1,"visible":true},{"chunk_id":"cglj36mf8clox","chunk_label":"unnamed-chunk-5","document_id":"5AD52497","expansion_state":0,"options":{"engine":"r","label":"unnamed-chunk-40"},"row":36,"row_count":1,"visible":true},{"chunk_id":"c9nhgbri7zfib","chunk_label":"unnamed-chunk-6","document_id":"5AD52497","expansion_state":0,"options":{"engine":"r","label":"unnamed-chunk-41"},"row":40,"row_count":1,"visible":true},{"chunk_id":"cpg4d1vdfbazp","chunk_label":"unnamed-chunk-7","document_id":"5AD52497","expansion_state":0,"options":{"engine":"r","label":"unnamed-chunk-42"},"row":46,"row_count":1,"visible":true},{"chunk_id":"cft9bqfuarypn","chunk_label":"unnamed-chunk-8","document_id":"5AD52497","expansion_state":0,"options":{"engine":"r","label":"unnamed-chunk-43"},"row":54,"row_count":1,"visible":true},{"chunk_id":"cdqr48a7gng1d","chunk_label":"unnamed-chunk-9","document_id":"5AD52497","expansion_state":0,"options":{"engine":"r","label":"unnamed-chunk-51"},"row":59,"row_count":1,"visible":true},{"chunk_id":"c959gli3h3il2","chunk_label":"unnamed-chunk-10","document_id":"5AD52497","expansion_state":0,"options":{"engine":"r","label":"unnamed-chunk-46"},"row":63,"row_count":1,"visible":true},{"chunk_id":"cuwk1j19lpjdo","chunk_label":"unnamed-chunk-11","document_id":"5AD52497","expansion_state":0,"options":{"engine":"r","label":"unnamed-chunk-47"},"row":78,"row_count":1,"visible":true},{"chunk_id":"cimtms4zlvg5n","chunk_label":"unnamed-chunk-12","document_id":"5AD52497","expansion_state":0,"options":{"engine":"r","label":"unnamed-chunk-48"},"row":85,"row_count":1,"visible":true},{"chunk_id":"c29avkfa8iql0","chunk_label":"unnamed-chunk-13","document_id":"5AD52497","expansion_state":0,"options":{"engine":"r","label":"unnamed-chunk-54"},"row":99,"row_count":1,"visible":true},{"chunk_id":"cx6e3i4wszcy4","chunk_label":"unnamed-chunk-14","document_id":"5AD52497","expansion_state":0,"options":{"engine":"r","label":"unnamed-chunk-55"},"row":103,"row_count":1,"visible":true}],"chunk_rendered_width":700,"default_chunk_options":{"echo":true},"doc_write_time":1573858173,"working_dir":null}