"0","res$symbol = mapIds(org.Hs.eg.db,"
"0","                    keys= row.names(countData), #where are your gene ids?"
"0","                    keytype=""ENSEMBL"",   #what format are your ids?"
"0","                    column=""SYMBOL"",     #what new ids format do you want?"
"0","                    multiVals=""first"")"
"2","'select()' returned 1:many mapping between keys and columns
"
"0","res$entrez = mapIds(org.Hs.eg.db,"
"0","                    keys=row.names(countData),"
"0","                    keytype=""ENSEMBL"","
"0","                    column=""ENTREZID"","
"0","                    multiVals=""first"")"
"2","'select()' returned 1:many mapping between keys and columns
"
